{
    "code": 0,
    "msg": "",
    "count": 2,
    "data": [{
        "id":856904567856590,
        "headeUrl": "./content/dist/style/res/168.jpg",
        "name": "双鱼座的傻子",
        "time":"2天前",
        "comment": "你喜欢哪个明星呀，最近的偶像练习生看了吗？里面有好多既年轻又优秀的小鲜肉啊你喜欢哪个明星呀，最近的偶像练习生看了吗？里面有好多既年轻又优秀的小鲜肉啊你喜欢哪个明星呀，最近的偶像练习生看了吗？里面有好多既年轻又优秀的小鲜肉啊",
        "listsTotal":8,
        "lists":[
            {
                "id":56786784545,
                "headeUrl": "./content/dist/style/res/168.jpg",
                "name": "双鱼座的傻子2",
                "comment": "二级回复，你喜欢哪个明星呀,",
                "commentId":23452345,
                "commentName":"二哈"
            },
            {
                "id":5645647865745,
                "headeUrl": "./content/dist/style/res/168.jpg",
                "name": "双鱼座的傻子2",
                "comment": "二级回复，你喜欢哪个明星呀,"
            },
            {
                "id":5645646887845,
                "headeUrl": "./content/dist/style/res/168.jpg",
                "name": "双鱼座的傻子",
                "comment": "二级回复，你喜欢哪个明星呀,"
            },
            {
                "id":5645623447845,
                "headeUrl": "./content/dist/style/res/168.jpg",
                "name": "双鱼座的傻子",
                "comment": "二级回复，你喜欢哪个明星呀,"
            },
            {
                "id":56456780747845,
                "headeUrl": "./content/dist/style/res/168.jpg",
                "name": "双鱼座的傻子",
                "comment": "二级回复，你喜欢哪个明星呀,"
            },
            {
                "id":5645647845,
                "headeUrl": "./content/dist/style/res/168.jpg",
                "name": "双鱼座的傻子",
                "comment": "二级回复，你喜欢哪个明星呀,"
            },
            {
                "id":56455624647845,
                "headeUrl": "./content/dist/style/res/168.jpg",
                "name": "双鱼座的傻子",
                "comment": "二级回复，你喜欢哪个明星呀,"
            },
            {
                "id":56456458667847845,
                "headeUrl": "./content/dist/style/res/168.jpg",
                "name": "双鱼座的傻子",
                "comment": "二级回复，你喜欢哪个明星呀,"
            }
        ]
    },
        {
            "id":856904590,
            "headeUrl": "./content/dist/style/res/168.jpg",
            "name": "双鱼座的傻子",
            "time":"2天前",
            "comment": "你喜欢哪个明星呀，最近的偶像练习生看了吗？里面有好多既年轻又优秀的小鲜肉啊你喜欢哪个明星呀，最近的偶像练习生看了吗？里面有好多既年轻又优秀的小鲜肉啊你喜欢哪个明星呀，最近的偶像练习生看了吗？里面有好多既年轻又优秀的小鲜肉啊",
            "listsTotal":0
        }]
}
