{
    "code": 0,
    "msg": "",
    "data": {
        "id": 345624513452,
        "headeUrl": "./content/dist/style/res/168.jpg",
        "name": "王鹏",
        "company": "中望金服",
        "imgs": [
            "http://g.hiphotos.baidu.com/image/h%3D300/sign=b657b80bf7f2b211fb2e834efa816511/bd315c6034a85edf2bde205b45540923dd54757c.jpg",
            "http://c.hiphotos.baidu.com/image/h%3D300/sign=37c0f1fc3501213fd03348dc64e636f8/fc1f4134970a304e9fcf65dfddc8a786c9175c22.jpg",
            "http://c.hiphotos.baidu.com/image/h%3D300/sign=565c7da6fc1f3a2945c8d3cea925bce3/fd039245d688d43f5d9c4d8a711ed21b0ef43b95.jpg"
        ],
        "content": "#话题一#本地人只需要一张身份证就可以拿到1万，哈哈，你信了吗？是真的呀，不骗人，太天真了吧，这你也相信啊，真的啊。需要一张身份证就可以拿到1万，哈哈，你信了吗？是真的呀，不骗人，太天真了吧，这你也相信啊，真的啊。需要一张身份证就可以拿到1万，哈哈，你信了吗？是真的呀，不骗人，太天真了吧，这你也相信啊，真的啊。需要一张身份证就可以拿到1万，哈哈，你信了吗？是真的呀，不骗人，太天真了吧，这你也相信啊，真的啊。",
        "like": 100,
        "shareNum": 45,
        "commentNum": 90,
        "time": "2018-04-11 14:20:10"
    }
}
