{
    "code": 0,
    "msg": "",
    "count":2,
    "listTotal": 100,
    "data": [
        {
            "id":567867845,
            "headeUrl": "./content/dist/style/res/168.jpg",
            "name": "双鱼座的傻子2",
            "comment": "二级回复，你喜欢哪个明星呀,",
            "commentId":23452345,
            "commentName":"二哈"
        },
        {
            "id":5645647845,
            "headeUrl": "./content/dist/style/res/168.jpg",
            "name": "双鱼座的傻子2",
            "comment": "二级回复，你喜欢哪个明星呀,"
        },
        {
            "id":5645647845,
            "headeUrl": "./content/dist/style/res/168.jpg",
            "name": "双鱼座的傻子",
            "comment": "二级回复，你喜欢哪个明星呀,"
        },
        {
            "id":5645647845,
            "headeUrl": "./content/dist/style/res/168.jpg",
            "name": "双鱼座的傻子",
            "comment": "二级回复，你喜欢哪个明星呀,"
        },
        {
            "id":5645647845,
            "headeUrl": "./content/dist/style/res/168.jpg",
            "name": "双鱼座的傻子",
            "comment": "二级回复，你喜欢哪个明星呀,"
        },
        {
            "id":5645647845,
            "headeUrl": "./content/dist/style/res/168.jpg",
            "name": "双鱼座的傻子",
            "comment": "二级回复，你喜欢哪个明星呀,"
        },
        {
            "id":5645647845,
            "headeUrl": "./content/dist/style/res/168.jpg",
            "name": "双鱼座的傻子",
            "comment": "二级回复，你喜欢哪个明星呀,"
        },
        {
            "id":5645647845,
            "headeUrl": "./content/dist/style/res/168.jpg",
            "name": "双鱼座的傻子",
            "comment": "二级回复，你喜欢哪个明星呀,"
        }
    ]
}
