<application>
  <component name="DefaultFont">
    <option name="FONT_SIZE" value="14" />
    <option name="FONT_FAMILY" value="Source Code Pro Medium" />
    <option name="LINE_SPACING" value="1.4" />
    <option name="SECONDARY_FONT_FAMILY" value="Source Code Pro" />
  </component>
  <component name="EditorSettings">
    <option name="languageBreadcrumbsMap">
      <map>
        <entry key="HTML" value="true" />
      </map>
    </option>
    <option name="ARE_GUTTER_ICONS_SHOWN" value="false" />
  </component>
</application>