<keymap version="1" name="Default 复制 正确重做" parent="$default">
  <action id="$Redo">
    <keyboard-shortcut first-keystroke="shift ctrl z" />
    <keyboard-shortcut first-keystroke="shift alt back_space" />
    <keyboard-shortcut first-keystroke="ctrl y" />
  </action>
  <action id="CollapseExpandableComponent">
    <keyboard-shortcut first-keystroke="ctrl subtract" />
    <keyboard-shortcut first-keystroke="ctrl minus" />
  </action>
  <action id="EditorDeleteLine" />
  <action id="EditorStartNewLineBefore">
    <keyboard-shortcut first-keystroke="shift alt enter" />
  </action>
  <action id="ExpandExpandableComponent">
    <keyboard-shortcut first-keystroke="ctrl add" />
    <keyboard-shortcut first-keystroke="ctrl equals" />
  </action>
  <action id="OpenElementInNewWindow" />
</keymap>