{
  "data":[
    {
      "id": "10",
      "value": "北京市",
      "childs": []
    },
    {
      "id": "11",
      "value": "天津市",
      "childs": []
    },
    {
      "id": "30",
      "value": "上海市",
      "childs": []
    },
    {
      "id": "60",
      "value": "重庆市",
      "childs": []
    },
    {
      "id": "12",
      "value": "河北省",
      "childs": [
        {
          "id": "1201",
          "value": "石家庄市"
        },
        {
          "id": "1202",
          "value": "秦皇岛市"
        },
        {
          "id": "1203",
          "value": "唐山市"
        },
        {
          "id": "1204",
          "value": "张家口市"
        },
        {
          "id": "1205",
          "value": "廊坊市"
        },
        {
          "id": "1206",
          "value": "衡水市"
        },
        {
          "id": "1207",
          "value": "保定市"
        },
        {
          "id": "1208",
          "value": "承德市"
        },
        {
          "id": "1209",
          "value": "邢台市"
        },
        {
          "id": "1210",
          "value": "沧州市"
        },
        {
          "id": "1211",
          "value": "邯郸市"
        }
      ]
    },
    {
      "id": "13",
      "value": "内蒙古",
      "childs": [
        {
          "id": "1301",
          "value": "呼和浩特市"
        },
        {
          "id": "1302",
          "value": "包头市"
        },
        {
          "id": "1303",
          "value": "呼伦贝尔市"
        },
        {
          "id": "1304",
          "value": "兴安盟"
        },
        {
          "id": "1305",
          "value": "通辽市"
        },
        {
          "id": "1306",
          "value": "赤峰市"
        },
        {
          "id": "1307",
          "value": "锡林郭勒盟"
        },
        {
          "id": "1308",
          "value": "乌兰察布市"
        },
        {
          "id": "1309",
          "value": "鄂尔多斯市"
        },
        {
          "id": "1310",
          "value": "巴彦淖尔市"
        },
        {
          "id": "1311",
          "value": "乌海市"
        },
        {
          "id": "1312",
          "value": "阿拉善盟"
        },
        {
          "id": "1313",
          "value": "满洲里"
        },
        {
          "id": "1314",
          "value": "二连浩特"
        }
      ]
    },
    {
      "id": "14",
      "value": "山西省",
      "childs": [
        {
          "id": "1401",
          "value": "太原市"
        },
        {
          "id": "1402",
          "value": "大同市"
        },
        {
          "id": "1403",
          "value": "阳泉市"
        },
        {
          "id": "1404",
          "value": "长治市"
        },
        {
          "id": "1405",
          "value": "晋城市"
        },
        {
          "id": "1406",
          "value": "朔州市"
        },
        {
          "id": "1407",
          "value": "忻州市"
        },
        {
          "id": "1408",
          "value": "晋中市"
        },
        {
          "id": "1409",
          "value": "临汾市"
        },
        {
          "id": "1410",
          "value": "吕梁市"
        },
        {
          "id": "1411",
          "value": "运城市"
        }
      ]
    },
    {
      "id": "20",
      "value": "辽宁省",
      "childs": [
        {
          "id": "2001",
          "value": "沈阳市"
        },
        {
          "id": "2002",
          "value": "大连市"
        },
        {
          "id": "2003",
          "value": "鞍山市"
        },
        {
          "id": "2004",
          "value": "锦州市"
        },
        {
          "id": "2005",
          "value": "丹东市"
        },
        {
          "id": "2006",
          "value": "盘锦市"
        },
        {
          "id": "2007",
          "value": "铁岭市"
        },
        {
          "id": "2008",
          "value": "抚顺市"
        },
        {
          "id": "2009",
          "value": "营口市"
        },
        {
          "id": "2010",
          "value": "辽阳市"
        },
        {
          "id": "2011",
          "value": "阜新市"
        },
        {
          "id": "2012",
          "value": "本溪市"
        },
        {
          "id": "2013",
          "value": "朝阳市"
        },
        {
          "id": "2014",
          "value": "葫芦岛市"
        }
      ]
    },
    {
      "id": "21",
      "value": "吉林省",
      "childs": [
        {
          "id": "2101",
          "value": "长春市"
        },
        {
          "id": "2102",
          "value": "吉林市"
        },
        {
          "id": "2103",
          "value": "四平市"
        },
        {
          "id": "2104",
          "value": "辽源市"
        },
        {
          "id": "2105",
          "value": "通化市"
        },
        {
          "id": "2106",
          "value": "白山市"
        },
        {
          "id": "2107",
          "value": "松原市"
        },
        {
          "id": "2108",
          "value": "白城市"
        },
        {
          "id": "2109",
          "value": "延边州"
        }
      ]
    },
    {
      "id": "22",
      "value": "黑龙江省",
      "childs": [
        {
          "id": "2201",
          "value": "哈尔滨市"
        },
        {
          "id": "2202",
          "value": "齐齐哈尔市"
        },
        {
          "id": "2203",
          "value": "鸡西市"
        },
        {
          "id": "2204",
          "value": "鹤岗市"
        },
        {
          "id": "2205",
          "value": "双鸭山市"
        },
        {
          "id": "2206",
          "value": "大庆市"
        },
        {
          "id": "2207",
          "value": "伊春市"
        },
        {
          "id": "2208",
          "value": "佳木斯市"
        },
        {
          "id": "2209",
          "value": "七台河市"
        },
        {
          "id": "2210",
          "value": "牡丹江市"
        },
        {
          "id": "2211",
          "value": "黑河市"
        },
        {
          "id": "2212",
          "value": "绥化市"
        },
        {
          "id": "2213",
          "value": "大兴安岭地区"
        }
      ]
    },
    {
      "id": "31",
      "value": "江苏省",
      "childs": [
        {
          "id": "3101",
          "value": "南京市"
        },
        {
          "id": "3102",
          "value": "苏州市"
        },
        {
          "id": "3103",
          "value": "无锡市"
        },
        {
          "id": "3104",
          "value": "镇江市"
        },
        {
          "id": "3105",
          "value": "扬州市"
        },
        {
          "id": "3106",
          "value": "南通市"
        },
        {
          "id": "3107",
          "value": "常州市"
        },
        {
          "id": "3108",
          "value": "徐州市"
        },
        {
          "id": "3109",
          "value": "连云港市"
        },
        {
          "id": "3110",
          "value": "盐城市"
        },
        {
          "id": "3111",
          "value": "淮安市"
        },
        {
          "id": "3112",
          "value": "泰州市"
        },
        {
          "id": "3113",
          "value": "宿迁市"
        }
      ]
    },
    {
      "id": "32",
      "value": "山东省",
      "childs": [
        {
          "id": "3201",
          "value": "济南市"
        },
        {
          "id": "3202",
          "value": "青岛市"
        },
        {
          "id": "3203",
          "value": "烟台市"
        },
        {
          "id": "3204",
          "value": "淄博市"
        },
        {
          "id": "3205",
          "value": "泰安市"
        },
        {
          "id": "3206",
          "value": "潍坊市"
        },
        {
          "id": "3207",
          "value": "济宁市"
        },
        {
          "id": "3208",
          "value": "枣庄市"
        },
        {
          "id": "3209",
          "value": "德州市"
        },
        {
          "id": "3210",
          "value": "威海市"
        },
        {
          "id": "3211",
          "value": "日照市"
        },
        {
          "id": "3212",
          "value": "莱芜市"
        },
        {
          "id": "3213",
          "value": "滨州市"
        },
        {
          "id": "3214",
          "value": "东营市"
        },
        {
          "id": "3215",
          "value": "聊城市"
        },
        {
          "id": "3216",
          "value": "菏泽市"
        },
        {
          "id": "3217",
          "value": "临沂市"
        }
      ]
    },
    {
      "id": "33",
      "value": "安徽省",
      "childs": [
        {
          "id": "3301",
          "value": "合肥市"
        },
        {
          "id": "3302",
          "value": "芜湖市"
        },
        {
          "id": "3303",
          "value": "蚌埠市"
        },
        {
          "id": "3304",
          "value": "马鞍山市"
        },
        {
          "id": "3305",
          "value": "淮北市"
        },
        {
          "id": "3306",
          "value": "铜陵市"
        },
        {
          "id": "3307",
          "value": "安庆市"
        },
        {
          "id": "3308",
          "value": "黄山市"
        },
        {
          "id": "3309",
          "value": "滁州市"
        },
        {
          "id": "3310",
          "value": "宿州市"
        },
        {
          "id": "3311",
          "value": "池州市"
        },
        {
          "id": "3312",
          "value": "淮南市"
        },
        {
          "id": "3313",
          "value": "巢湖市"
        },
        {
          "id": "3314",
          "value": "阜阳市"
        },
        {
          "id": "3315",
          "value": "六安市"
        },
        {
          "id": "3316",
          "value": "宣城市"
        },
        {
          "id": "3317",
          "value": "亳州市"
        }
      ]
    },
    {
      "id": "34",
      "value": "福建省",
      "childs": [
        {
          "id": "3401",
          "value": "福州市"
        },
        {
          "id": "3402",
          "value": "厦门市"
        },
        {
          "id": "3403",
          "value": "漳州市"
        },
        {
          "id": "3404",
          "value": "泉州市"
        },
        {
          "id": "3405",
          "value": "莆田市"
        },
        {
          "id": "3406",
          "value": "三明市"
        },
        {
          "id": "3407",
          "value": "南平市"
        },
        {
          "id": "3408",
          "value": "龙岩市"
        },
        {
          "id": "3409",
          "value": "宁德市"
        }
      ]
    },
    {
      "id": "35",
      "value": "浙江省",
      "childs": [
        {
          "id": "3501",
          "value": "杭州市"
        },
        {
          "id": "3502",
          "value": "宁波市"
        },
        {
          "id": "3503",
          "value": "温州市"
        },
        {
          "id": "3504",
          "value": "嘉兴市"
        },
        {
          "id": "3505",
          "value": "湖州市"
        },
        {
          "id": "3506",
          "value": "绍兴市"
        },
        {
          "id": "3507",
          "value": "金华市"
        },
        {
          "id": "3508",
          "value": "衢州市"
        },
        {
          "id": "3509",
          "value": "舟山市"
        },
        {
          "id": "3510",
          "value": "台州市"
        },
        {
          "id": "3511",
          "value": "丽水市"
        }
      ]
    },
    {
      "id": "36",
      "value": "江西省",
      "childs": [
        {
          "id": "3601",
          "value": "南昌市"
        },
        {
          "id": "3602",
          "value": "景德镇市"
        },
        {
          "id": "3603",
          "value": "萍乡市"
        },
        {
          "id": "3604",
          "value": "九江市"
        },
        {
          "id": "3605",
          "value": "新余市"
        },
        {
          "id": "3606",
          "value": "鹰潭市"
        },
        {
          "id": "3607",
          "value": "赣州市"
        },
        {
          "id": "3608",
          "value": "吉安市"
        },
        {
          "id": "3609",
          "value": "宜春市"
        },
        {
          "id": "3610",
          "value": "抚州市"
        },
        {
          "id": "3611",
          "value": "上饶市"
        }
      ]
    },
    {
      "id": "40",
      "value": "广东省",
      "childs": [
        {
          "id": "4001",
          "value": "广州市"
        },
        {
          "id": "4002",
          "value": "深圳市"
        },
        {
          "id": "4003",
          "value": "珠海市"
        },
        {
          "id": "4004",
          "value": "汕头市"
        },
        {
          "id": "4005",
          "value": "韶关市"
        },
        {
          "id": "4006",
          "value": "河源市"
        },
        {
          "id": "4007",
          "value": "梅州市"
        },
        {
          "id": "4008",
          "value": "惠州市"
        },
        {
          "id": "4009",
          "value": "汕尾市"
        },
        {
          "id": "4010",
          "value": "东莞市"
        },
        {
          "id": "4011",
          "value": "中山市"
        },
        {
          "id": "4012",
          "value": "江门市"
        },
        {
          "id": "4013",
          "value": "佛山市"
        },
        {
          "id": "4014",
          "value": "阳江市"
        },
        {
          "id": "4015",
          "value": "湛江市"
        },
        {
          "id": "4016",
          "value": "茂名市"
        },
        {
          "id": "4017",
          "value": "肇庆市"
        },
        {
          "id": "4018",
          "value": "清远市"
        },
        {
          "id": "4019",
          "value": "潮州市"
        },
        {
          "id": "4020",
          "value": "揭阳市"
        },
        {
          "id": "4021",
          "value": "云浮市"
        }
      ]
    },
    {
      "id": "41",
      "value": "广西",
      "childs": [
        {
          "id": "4101",
          "value": "南宁市"
        },
        {
          "id": "4102",
          "value": "柳州市"
        },
        {
          "id": "4103",
          "value": "桂林市"
        },
        {
          "id": "4104",
          "value": "梧州市"
        },
        {
          "id": "4105",
          "value": "北海市"
        },
        {
          "id": "4106",
          "value": "防城港市"
        },
        {
          "id": "4107",
          "value": "钦州市"
        },
        {
          "id": "4108",
          "value": "贵港市"
        },
        {
          "id": "4109",
          "value": "玉林市"
        },
        {
          "id": "4110",
          "value": "百色市"
        },
        {
          "id": "4111",
          "value": "贺州市"
        },
        {
          "id": "4112",
          "value": "河池市"
        },
        {
          "id": "4113",
          "value": "来宾市"
        },
        {
          "id": "4114",
          "value": "崇左市"
        }
      ]
    },
    {
      "id": "42",
      "value": "海南省",
      "childs": [
        {
          "id": "4201",
          "value": "海口市"
        },
        {
          "id": "4202",
          "value": "三亚市"
        },
        {
          "id": "4203",
          "value": "琼海市"
        },
        {
          "id": "4204",
          "value": "儋州市"
        },
        {
          "id": "4205",
          "value": "文昌市"
        },
        {
          "id": "4206",
          "value": "东方市"
        },
        {
          "id": "4207",
          "value": "五指山市"
        },
        {
          "id": "4208",
          "value": "万宁市"
        },
        {
          "id": "4209",
          "value": "定安县"
        },
        {
          "id": "4210",
          "value": "屯昌县"
        },
        {
          "id": "4211",
          "value": "澄迈县"
        },
        {
          "id": "4212",
          "value": "临高县"
        },
        {
          "id": "4213",
          "value": "陵水县"
        },
        {
          "id": "4214",
          "value": "琼中县"
        },
        {
          "id": "4215",
          "value": "保亭县"
        },
        {
          "id": "4216",
          "value": "乐东县"
        },
        {
          "id": "4217",
          "value": "昌江县"
        },
        {
          "id": "4218",
          "value": "白沙县"
        },
        {
          "id": "4219",
          "value": "洋浦"
        }
      ]
    },
    {
      "id": "61",
      "value": "四川省",
      "childs": [
        {
          "id": "6101",
          "value": "成都市"
        },
        {
          "id": "6102",
          "value": "德阳市"
        },
        {
          "id": "6103",
          "value": "绵阳市"
        },
        {
          "id": "6104",
          "value": "眉山市"
        },
        {
          "id": "6105",
          "value": "泸州市"
        },
        {
          "id": "6106",
          "value": "南充市"
        },
        {
          "id": "6107",
          "value": "自贡市"
        },
        {
          "id": "6108",
          "value": "内江市"
        },
        {
          "id": "6109",
          "value": "宜宾市"
        },
        {
          "id": "6110",
          "value": "乐山市"
        },
        {
          "id": "6111",
          "value": "雅安市"
        },
        {
          "id": "6112",
          "value": "遂宁市"
        },
        {
          "id": "6113",
          "value": "达州市"
        },
        {
          "id": "6114",
          "value": "巴中市"
        },
        {
          "id": "6115",
          "value": "广元市"
        },
        {
          "id": "6116",
          "value": "广安市"
        },
        {
          "id": "6117",
          "value": "资阳市"
        },
        {
          "id": "6118",
          "value": "阿坝州"
        },
        {
          "id": "6119",
          "value": "攀枝花市"
        },
        {
          "id": "6120",
          "value": "甘孜州"
        },
        {
          "id": "6121",
          "value": "凉山州"
        }
      ]
    },
    {
      "id": "62",
      "value": "云南省",
      "childs": [
        {
          "id": "6201",
          "value": "昆明市"
        },
        {
          "id": "6202",
          "value": "曲靖市"
        },
        {
          "id": "6203",
          "value": "玉溪市"
        },
        {
          "id": "6204",
          "value": "昭通市"
        },
        {
          "id": "6205",
          "value": "楚雄州"
        },
        {
          "id": "6206",
          "value": "红河哈尼族州"
        },
        {
          "id": "6207",
          "value": "丽江市"
        },
        {
          "id": "6208",
          "value": "迪庆州"
        },
        {
          "id": "6209",
          "value": "文山州"
        },
        {
          "id": "6210",
          "value": "西双版纳州"
        },
        {
          "id": "6211",
          "value": "普洱市"
        },
        {
          "id": "6212",
          "value": "大理"
        },
        {
          "id": "6213",
          "value": "保山市"
        },
        {
          "id": "6214",
          "value": "德宏"
        },
        {
          "id": "6215",
          "value": "怒江"
        },
        {
          "id": "6216",
          "value": "临沧市"
        }
      ]
    },
    {
      "id": "63",
      "value": "贵州省",
      "childs": [
        {
          "id": "6301",
          "value": "贵阳市"
        },
        {
          "id": "6302",
          "value": "遵义市"
        },
        {
          "id": "6303",
          "value": "六盘水市"
        },
        {
          "id": "6304",
          "value": "安顺市"
        },
        {
          "id": "6305",
          "value": "黔西南"
        },
        {
          "id": "6306",
          "value": "黔南"
        },
        {
          "id": "6307",
          "value": "铜仁地区"
        },
        {
          "id": "6308",
          "value": "毕节地区"
        },
        {
          "id": "6309",
          "value": "黔东南"
        }
      ]
    },
    {
      "id": "64",
      "value": "西藏",
      "childs": [
        {
          "id": "6401",
          "value": "拉萨市"
        },
        {
          "id": "6402",
          "value": "日喀则地区"
        },
        {
          "id": "6403",
          "value": "山南地区"
        },
        {
          "id": "6404",
          "value": "林芝地区"
        },
        {
          "id": "6405",
          "value": "昌都地区"
        },
        {
          "id": "6406",
          "value": "那曲地区"
        },
        {
          "id": "6407",
          "value": "阿里地区"
        }
      ]
    },
    {
      "id": "70",
      "value": "河南省",
      "childs": [
        {
          "id": "7001",
          "value": "郑州"
        },
        {
          "id": "7002",
          "value": "洛阳市"
        },
        {
          "id": "7003",
          "value": "开封市"
        },
        {
          "id": "7004",
          "value": "安阳市"
        },
        {
          "id": "7005",
          "value": "新乡市"
        },
        {
          "id": "7006",
          "value": "濮阳市"
        },
        {
          "id": "7007",
          "value": "焦作市"
        },
        {
          "id": "7008",
          "value": "鹤壁市"
        },
        {
          "id": "7009",
          "value": "三门峡市"
        },
        {
          "id": "7010",
          "value": "商丘市"
        },
        {
          "id": "7011",
          "value": "许昌市"
        },
        {
          "id": "7012",
          "value": "漯河市"
        },
        {
          "id": "7013",
          "value": "平顶山市"
        },
        {
          "id": "7014",
          "value": "驻马店市"
        },
        {
          "id": "7015",
          "value": "周口市"
        },
        {
          "id": "7016",
          "value": "南阳市"
        },
        {
          "id": "7017",
          "value": "信阳市"
        },
        {
          "id": "7018",
          "value": "济源市"
        }
      ]
    },
    {
      "id": "71",
      "value": "湖北省",
      "childs": [
        {
          "id": "7101",
          "value": "武汉市"
        },
        {
          "id": "7102",
          "value": "黄石市"
        },
        {
          "id": "7103",
          "value": "襄阳市"
        },
        {
          "id": "7104",
          "value": "十堰市"
        },
        {
          "id": "7105",
          "value": "荆州市"
        },
        {
          "id": "7106",
          "value": "宜昌市"
        },
        {
          "id": "7107",
          "value": "荆门市"
        },
        {
          "id": "7108",
          "value": "鄂州市"
        },
        {
          "id": "7109",
          "value": "孝感市"
        },
        {
          "id": "7110",
          "value": "黄冈市"
        },
        {
          "id": "7111",
          "value": "咸宁市"
        },
        {
          "id": "7112",
          "value": "随州市"
        },
        {
          "id": "7113",
          "value": "恩施"
        },
        {
          "id": "7114",
          "value": "潜江市"
        },
        {
          "id": "7115",
          "value": "仙桃市"
        },
        {
          "id": "7116",
          "value": "天门市"
        },
        {
          "id": "7117",
          "value": "神农架林区"
        }
      ]
    },
    {
      "id": "72",
      "value": "湖南省",
      "childs": [
        {
          "id": "7201",
          "value": "长沙市"
        },
        {
          "id": "7202",
          "value": "株洲市"
        },
        {
          "id": "7203",
          "value": "湘潭市"
        },
        {
          "id": "7204",
          "value": "衡阳市"
        },
        {
          "id": "7205",
          "value": "益阳市"
        },
        {
          "id": "7206",
          "value": "常德市"
        },
        {
          "id": "7207",
          "value": "岳阳市"
        },
        {
          "id": "7208",
          "value": "邵阳市"
        },
        {
          "id": "7209",
          "value": "郴州市"
        },
        {
          "id": "7210",
          "value": "娄底市"
        },
        {
          "id": "7211",
          "value": "永州市"
        },
        {
          "id": "7212",
          "value": "怀化市"
        },
        {
          "id": "7213",
          "value": "张家界市"
        },
        {
          "id": "7214",
          "value": "湘西"
        }
      ]
    },
    {
      "id": "80",
      "value": "陕西省",
      "childs": [
        {
          "id": "8001",
          "value": "西安市"
        },
        {
          "id": "8002",
          "value": "宝鸡市"
        },
        {
          "id": "8003",
          "value": "咸阳市"
        },
        {
          "id": "8004",
          "value": "渭南市"
        },
        {
          "id": "8005",
          "value": "延安市"
        },
        {
          "id": "8006",
          "value": "榆林市"
        },
        {
          "id": "8007",
          "value": "铜川市"
        },
        {
          "id": "8008",
          "value": "汉中市"
        },
        {
          "id": "8009",
          "value": "安康市"
        },
        {
          "id": "8010",
          "value": "商洛市"
        },
        {
          "id": "8011",
          "value": "杨凌"
        }
      ]
    },
    {
      "id": "81",
      "value": "青海省",
      "childs": [
        {
          "id": "8101",
          "value": "西宁市"
        },
        {
          "id": "8102",
          "value": "海东地区"
        },
        {
          "id": "8103",
          "value": "海南州"
        },
        {
          "id": "8104",
          "value": "海北州"
        },
        {
          "id": "8105",
          "value": "海西蒙古族州"
        },
        {
          "id": "8106",
          "value": "黄南州"
        },
        {
          "id": "8107",
          "value": "果洛州"
        },
        {
          "id": "8108",
          "value": "玉树州"
        }
      ]
    },
    {
      "id": "82",
      "value": "宁夏",
      "childs": [
        {
          "id": "8201",
          "value": "银川市"
        },
        {
          "id": "8202",
          "value": "石嘴山市"
        },
        {
          "id": "8203",
          "value": "吴忠市"
        },
        {
          "id": "8204",
          "value": "固原市"
        },
        {
          "id": "8205",
          "value": "中卫市"
        }
      ]
    },
    {
      "id": "83",
      "value": "新疆",
      "childs": [
        {
          "id": "8301",
          "value": "乌鲁木齐市"
        },
        {
          "id": "8302",
          "value": "伊犁州"
        },
        {
          "id": "8303",
          "value": "阿勒泰地区"
        },
        {
          "id": "8304",
          "value": "塔城地区"
        },
        {
          "id": "8305",
          "value": "博尔塔拉"
        },
        {
          "id": "8306",
          "value": "昌吉"
        },
        {
          "id": "8307",
          "value": "吐鲁番地区"
        },
        {
          "id": "8308",
          "value": "巴音郭楞"
        },
        {
          "id": "8309",
          "value": "哈密地区"
        },
        {
          "id": "8310",
          "value": "和田地区"
        },
        {
          "id": "8311",
          "value": "阿克苏地区"
        },
        {
          "id": "8312",
          "value": "克孜勒苏"
        },
        {
          "id": "8313",
          "value": "喀什地区"
        },
        {
          "id": "8314",
          "value": "克拉玛依市"
        },
        {
          "id": "8315",
          "value": "石河子市"
        },
        {
          "id": "8316",
          "value": "五家渠市"
        },
        {
          "id": "8317",
          "value": "阿拉尔市"
        },
        {
          "id": "8318",
          "value": "图木舒克市"
        }
      ]
    },
    {
      "id": "84",
      "value": "甘肃省",
      "childs": [
        {
          "id": "8401",
          "value": "兰州市"
        },
        {
          "id": "8402",
          "value": "天水市"
        },
        {
          "id": "8403",
          "value": "嘉峪关市"
        },
        {
          "id": "8404",
          "value": "武威市"
        },
        {
          "id": "8405",
          "value": "金昌市"
        },
        {
          "id": "8406",
          "value": "酒泉市"
        },
        {
          "id": "8407",
          "value": "张掖市"
        },
        {
          "id": "8408",
          "value": "庆阳市"
        },
        {
          "id": "8409",
          "value": "平凉市"
        },
        {
          "id": "8410",
          "value": "白银市"
        },
        {
          "id": "8411",
          "value": "定西市"
        },
        {
          "id": "8412",
          "value": "陇南市"
        },
        {
          "id": "8413",
          "value": "临夏"
        },
        {
          "id": "8414",
          "value": "甘南州"
        }
      ]
    }
  ]
}